,Iteration,Fitness,FEvals,Time,State,Population Size,Mutation Rate,max_iters
0,0,1400.9252885718133,100,0.0016443329999997758,"[4, 1, 5, 0, 7, 2, 3, 6, 9, 8]",100,0.9,10
1,10,749.1817747608111,1115,0.04102183299999984,"[0, 8, 4, 1, 9, 5, 3, 7, 2, 6]",100,0.9,10
