,Iteration,Fitness,FEvals,Time,State,schedule_type,schedule_init_temp,schedule_decay,schedule_min_temp,schedule_current_value,Temperature,max_iters
0,0,1400.9252885718133,0,5.80420000000359e-05,"[4, 1, 5, 0, 7, 2, 3, 6, 9, 8]",geometric,10000.0,0.99,0.001,9999.994166585764,10000.0,10
1,10,1321.3260666265962,20,0.0021243340000001165,"[2, 6, 5, 4, 0, 7, 9, 3, 1, 8]",geometric,10000.0,0.99,0.001,9999.786499577503,10000.0,10
